Autor,Año,Vitrina,
Puentes levadizos,Pedro Lastra,Poesía,
Con lágrimas en los anteojos,"Pérez, Floridor",Poesía,
XXXIII poemas,"Romero, Juan Cristobal ",Poesía,
Caudal,"Rubio, Rafael",Poesía,
Contraluz,"Silva Acevedo, Manuel ",Poesía,
Con arrimo y sin arrimo,"Rojas, Gonzalo",Poesía,
La tregua,"Benedetti, Mario",Narrativa,
Polvos rosados,"Quisbert, Markos ",Poesía,
Tres terroristas,"Lafourcade, Enrique",Narrativa,
Aceites,"Baeza Henríquez, Antonio ",Poesía,
Todo se derrumbó: Relatos sobre el desastre,Varios autores,Narrativa,
La invención de morel,"Bioy Casares, Adolfo",Narrativa,
Caza propia (crónicas),"Jáuregui, Eloy",Narrativa,
¡Que lindo canta Palmenia!,"León Smith, Silvia; Enríquez Saá, Ricardo",Narrativa,
Corazón de weichán: Historias de vida y resistencia de mujeres mapuche,"Rojas Neculhuán, Carolina ",Narrativa,
Todo lo que duerme en nuestro corazón desembocará un día en el mar,"Herrera Alarcón, Ricardo ",Poesía,
El cuento hispanoamericano: Antología crítico-histórico,"Menton, Seymour",Narrativa,
La librería ,"Fitzgerald, Penélope ",Narrativa,
Neruda la biografía literaria,"Loyola, Hernán",Novela,
El washington del sur: cuadros de la vida del mariscal Antonio Jose de Sucre,"Vicuña Mackenna, Benjamín",Historia,
State of fear,"Crichton, Michael",Narrativa,
Popol Vudú: nómade en Chile,"Morales, Roberto",Poesía,
Larva y otras noches de Babel,"Ríos, Julián",Narrativa,
Los villanos de la nación: letras de política y sociedad,"Marías, Javier",Ensayo,
La muerte de Artemio Cruz,"Fuentes, Carlos",Narrativa,
La silla del águila,"Fuentes, Carlos",Narrativa,
"Profecía, asedios y apocalípsis ","Goytisolo, Juan",Narrativa,
Esplendor,"Henrickson, Carlos",Poesía,
Soldados perdidos ,"Cabrera Olea, Alejandro ",Narrativa,
La colmena,"Cela, Camilo José",Narrativa,
Barragán,"Oyarzún Díaz, Pavel",Narrativa,
Cien díaz,"Barfuss, Lukas ",Narrativa,
Lloviznan,"Comis, Luis",Poesía,
De ahí no más: poesía actual de Centroamérica y del Caribe,"Berger, Timo",Poesía,
Lexiones de romanticismo alemán,"Surghi, Carlos",Poesía,
El jazzista,"Acuña Lang, Felipe",Narrativa,
La carne alucinante ,"Bosero, Ignacio",Narrativa,
La pesadilla del mundo,"Soto, Simón",Narrativa,
"Escena menor: Prácticas artístico-culturales en Chile, 1990-2015","Benavente, Carolina",Ensayo,
Ayer,"Pizarro Muñoz, Ignacio",Poesía,
La visita al maestro,"Roth, Philip",Narrativa,
Cae la noche tropical,"Puig, Manuel",Narrativa,
Crónicas marcianas,"Bradbury, Ray",Narrativa,
Metamorfósis,"Edwards, Jacques ",Poesía,
Dolly City,"Castel-Bloom, Orly",Narrativa,
La espuma de los días,"Vian, Boris",Narrativa,
When she was good,"Roth, Philip",Narrativa,
Siddhartha,"Hesse, Herman",Narrativa,
Historia personal del boom,"Donoso, José",Narrativa,
Aniquilación,"Houellebecq, Michel",Narrativa,
La ley del menor ,"Mcewan, Ian ",Narrativa,
Cumbia ácida,"Rojas Terán, Rodrigo",Poesía,
Poetas y narradores porteños,Sociedad de Escritores de Valparaíso,Poesía,
El viaje mítico: el significado del mito como guía para la vida,"Greene, Liz; Sharman-Burke, Juliet",Narrativa,
Fundación de Valparaíso ,"Rojas, Gonzalo ",Poesía,
Antología poética,"Castro, Oscar",Poesía,
11 cuentos del Antiguo Egipto ,"Laporte, Michel",Narrativa,
El príncipe Siddharta,"Ferruccio, Parazzoli; Chendi, Patricia",Narrativa,
Creadores chilenos de personajes novelescos,"Silva Castro, Raúl",Ensayo,
Los triunfos y otros escritos,"Petrarca, Francesco",Poesía ,
La vida buena,"Zurita, Raúl ",Poesía,
Poesía reunida,"Hill, Geoffrey",Poesía ,
A Cielo Abierto: 10 años Festival Internacional de Poesía de Valparaíso,Fundación A Cielo Abierto,Ensayo,
Poesía,"Parra, Violeta",Poesía,
Vallejo Esencial ,"Vallejo, César",Poesía,
Los puentes cortados,"Rodríguez, Virgilio",Poesía,
El inútil ,"Edwards Bello, Joaquín",Narrativa,
Allen Ginsberg en Chile un homenaje: Kadish y otros poemas,"Martinez Richard, Erick",Poesía,
Chilenas rebeldes,"Cumplido, María José",Ensayo,
¿Existe dios despúes del diez?,"Urtaza, Juan Carlos ",Poesía,
La naturaleza del espacio y el tiempo,"Hawking, Stephen; Penrose, Roger",Ensayo (Definir área o temática),
Más íntimas mistura y otros poemas ,"Ajens, Andrés",Poesía,
Mantenimiento,"Valdebenito, Ángel",Poesia,
Cuentos selectos II: El partido de oposición permanente y otros cuentos,"Josseau, Fernando",Narrativa,
Piensa en mí como soy: Una crónica de Javiera Mena,"Bisama, Álvaro",Ensayo,
Strobel Street. Los días de perro,"Moscardi, Matías",Poesía,
Laberinto: Aproximaciones a la obra de Humberto Díaz Casanueva,"Sanhueza Jerez, Diego ",Ensayo,
Shalimar el payaso,"Rushdie, Salman",Narrativa,
La cadena de los días: (palimpsesto),"D'Halmar, Augusto ",Ensayo,
La educación sentimental,"Flaubert, Gustave",Narrativa,
Federico García Lorca,"Gibson, Ian ",Narrativa,
República y libertad: Escritos políticos y constitucionales,"Madison, James",Ensayo,
Lo real de otra manera ,"Rodríguez, Virgilio",Poesía,
Orgullo del puerto: Las tramas invisibles y el sentido vertical de los imaginarios urbanos de Valparaíso a través de Santiago Wanderers,"Valenzuela Martínez, Eric; Ponce Olmos; Vergara Constela, Carlos",Ensayo (Historia),
No sé si este invierno volveré (poemas de viaje),"Elordi, Santiago",Poesía,
Dramatis Personae,"Río, Alejandra del",Poesía,
No hay amor como esta herida,"Hahn, Óscar",Poesía,
Capuchita negra (cca. 1985-1989),"Río, Alejandra del",Poesía,
La nieve,"Iommi Amunátegui, Godofredo",Poesía,
Lo uno o lo otro,"Aranda, Natalí ",Poesía,
Vidas robadas,"Ozuljevic Subaique, Ashle ",Poesía,
El criollo en su destierro: dos anotaciones,"Uribe Arce, Armando",Poesía,
Polvo de ladrillo,"Urzúa de la Sotta, Andrés ",Novela,
80 días,"Pinos, Jaime; Díaz, Alexis",Arte,
Parpadeo,"Evelson, Martín ",Narrativa,
Romancero gitano,"García Lorca, Federico ",Teatro,
La epopeya de Gilgamesh,Anónimo ,Narrativa,
Cartas a un joven poeta. Elegías de Diuno,"Rilke, Rainer María",Narrativa,
El libro de los cinco anillos,"Musashi, Miyamoto ",Ensayo,
Fragmentos escogidos,"Bertoni, Claudio",Poesía,
Cuando Valparaíso se asomó al siglo XIX,"Garrido Álvarez de la Rivera, Eugenia ",Ensayo (Historia),
Curauma,"Cuevas Bravo, Rafael ",Poesía,
El memorial de hombres que me amaron,"Fressia, Alfredo ",Poesía,
Curauma,"Cuevas Bravo, Rafael ",Poesía,
Archipiélago,"Milla, María Belén ",Poesía,
Trópico ,"Malebrán, Juan ",Poesía,
Matute,"Ramos Bañados, Rodrigo ",Narrativa,
Coto de caza,"González Barnet, Ernesto ",Poesía,
Una bellezas vulgar,"Tabarovsky, Damián",Narrativa,*
Conozco al mundo por la forma,"López Zumelzu, Víctor ",Poesía,
En el coto de la mente ,"Germán Belli, Carlos ",Poesía,
Conversaciones con Mario Levrero,"Silva Olazábal, Pablo",Ensayo,V
Lengua acéfala: eco & narciso,"Muñoz, Sergio; Cereño, Gabriel",Poesía,
Salido de madre: Antología poética,"Binss, Niall",Poesía,
Los surfistas y otros poemas,"López Zumelzu, Víctor ",Poesía,
Furia diamante,"Tentoni, Valeria",Poesía,
Correspondencia reunida (1917-1958),"Hernández, Felisberto ",Narrativa (cartas),
Encuentros y desencuentros de la izquierda latinoamericana: Una mirada desde el foro de São Paulo,"Regalado, Roberto ",Ensayo,
2010 2: De la raíz a los frutos,"Arregui, Cristián ",Poesía,
"40 años, 40 historias: Exiliados chilenos y solidaridad en Holanda","Kievid, Jan de (y otros 7)",Narrativa,
El capital I: Crítica de la Economía Política,"Marx, Karl ",Filosofía,
El capital II: Crítica de la Economía Política,"Marx, Karl ",Filosofía,
El capital III: Crítica de la Economía Política,"Marx, Karl ",Filosofía,
Historietas reunidas de Jorge Varlotta ,"Levrero, Mario ",Narrativa,
La vida no es útil,"Krenak, Ailton ",Ensayo (filosofía),
"Unas pocas palabras, un pequeño refugio","Bernard, Kenneth ",Ensayo,
Crónica de San Gabriel,"Ribeyro, Julio Ramón ",Narrativa,
"Nada que hacer, monsieur Baruch, y otros relatos","Ribeyro, Julio Ramón ",Narrativa,
Cuentos ,"Ribeyro, Julio Ramón ",Narrativa,
Inri,"Zurita, Raúl ",Poesía,
Poemas escogidos ,"Byron, Lord ",Poesía,
Habitaciones separadas (20 años sí es algo),"García Montero, Luis ",Poesía,
A sangre fría,Truman Capote,Narrativa,
Split: El chico que se declaraba con la mirada / Symbol,"Santibañez, Roger ",Poesía,
Los hijos suicidas de Gabriela Mistral: Antología poética de jóvenes del Valle del Elqui,"Lamm, Leonidas",Poesía,
Los lanzallamas,"Arlt, Roberto ",Narrativa,
Los siete locos,"Arlt, Roberto ",Narrativa,
Lluscuma,"Baradit, Jorge ",Narrativa,
Donde las mujeres,"Pombo, Álvaro ",Narrativa,
El empleado,"Hartley, L.P. ",Narrativa,
La casa de la belleza,"Escobar de Nogales, Melba ",Novela,
El deseo junto al aire frío y otros poemas,"Muñoz, Juan Antonio",Poesía,
Acerca de esto,"Mayakovsky, Vladímir",Poesía,
"Hasta que valga la pena vivir, 2016-2019 ","Inostroza Bidart, Alvaro",Poesía,
La bandera de Chile,"Hernández, Elvira",Poesía,
Madariaga y otros,"Mellado, Marcelo",Narrativa,
Ulupica: Trece poetas bolivianos actuales,"González, Gladys; Malebrán, Juan ",Poesía,
"Teatro de sombras, Asia-Europa-Chile","Maturana, Carmen Luz ",Ensayo (teatro),
Cuaderno de croquis,"Martinez, Rolando ",Poesía,
Libro del desasosiego ,"Pessoa, Fernando",Ensayo ,
Los días de Birmania,"Orwell, George",Novela,
Infancia,"Coetzee, J.M.",Novela,
Mis dos mundos,"Chejfec, Sergio ",Novela,*
Con mi voz sonora: Campanas y toques de campana en la catedral y otros templos históricos de Santiago (1789-1899),"Sato Besoaín, Eduardo",Ensayo,
Apuntes de un constituyente ,"Squella, Agustín ",Ensayo,
Inspirón,Chinoy,Poesía,
Velocidad Crucero Felicidad Lucero,Chinoy,Poesía,
La bebedora de sangre y otros cuentos,Rachilde,Narrativa,
El hombre sentimental,"Marías, Javier ",Narrativa,
La conciencia de Zeno,"Svevo, Italo ",Narrativa,
Memorias de Adriano,"Yourcenar, Marguerite ",Narrativa,
Una novela china,"Aira, César",Narrativa,
Estrella de la mañana,"Rojas, Rodrigo ",Poesía,
Desierto,"Plaza, Daniel ",Novela,
Casa volada,"Ovando, Francisco ",Narrativa,
Elegías Doppler,"Lerner, Berner",Poesía,
Estación adversa,"Oyarzún Cartagena, Vicente",Poesía,
Al vuelo,"Hojas, Isabel",Infantil,
Metraje encontrado,"Carrasco, Germán ",Poesía,
Extremely loud and incredibly close,"Safran Foer, Jonathan ",Narrativa,
Estelario,"Balcells, Ignacio ",Poesía,
Antitierra,"Tentoni, Valeria ",Poesía,
Vacaciones domésticas,"Parra, Marcela ",Poesía,
Ya nadie baila,"Sastre, Elvira ",Poesía ,
El latifundista,"Queirolo Bravo, Jorge",Narrativa,
El reparto de lo sensible: Estética y política,Jacques Rancière,Filosofía,
Al final del camino,"Campos Carvajal, Ester",Poesía ,
Palabras del corazón,"Edwards, Richard",Poesía,
Ser morada,"Franke García, Luis Alberto",Narrativa,
Poemas dignos,"Mejías Pinilla, Hugo",Poesía,
El baile de las condiciones,"Pablo, Oscar de ",Poesía,
Los murciélagos,"Bremermann, Emanuel ",Novela,
Cuaderno Alemán,"Negroni, María ",Narrativa,
El factor humano,"Greene, Graham ",Narrativa,
Un rey sin diversión,"Giono, Jean ",Narrativa,
Movimiento de traslación,"Opazo Hernández, Jonnathan",Narrativa,
Tránsfugo ,"Morales, Andrés ",Poesía,
Temblores: Del cuerpo sonoro de Hegel,"Durán Rojas, Cristóbal ",Ensayo (Filosofía),
Un episodio en la vida del pintor viajero,"Aira, César",Narrativa,
Rascacielos,"Winter, Enrique ",Poesía,
Adiós Rimbaud,"Avendaño, Carmen ",Poesía,
Los infelices,"Chain, Fesal ",Narrativa,
Ciudad santuario,"Sherlock, Frank ",Narrativa,
Mosquitos,"Faulkner, William ",Narrativa,
"Salomón, Rey de Reyes","Cavalcanti, Guido ",Ensayo (historia),
Poetas de Lisboa,"Matta, María ",Poesía,
Basura,"Abad Faciolince, Héctor",Narrativa,
El humo sobre la tierra,"Arduino Pavón, Manuel ",Narrativa,
El último gaucho,"Kreiman, Franisco ",Poesía,
El fotógrafo de Dios,"Simonetti, Marcelo ",Narrativa,
"El silencio final. Representación y gesto ante la muerte en Diario de muerte, de Enrique Lihn","Ozuljevic, Ashle ",Ensayo,
Lecturas crítico-feministas,"Mora, Gabriela",Ensayo,
Vida y muerte del doctor Martín Gambarotta,"León, Gonzalo ",Narrativa,
La insurrección invisible de un millón de mentes,"Trocchi, Alexander ",Narrativa,*
"Rebeldes, soñadores y fugitivos","Soriano, Osvaldo ",Narrativa,
Dios es chileno,"Costamagna, Alejandra (y otros 9)",Narrativa,
Poesía reunida ,"Lavín, Alejandro",Poesía,
Bosque quemado,"Brodsky, Roberto ",Narrativa,
El mundo de los perros y la literatura ,"Surbercaseaux, Bernardo ",Narrativa,
El hombre en suspenso,"Bellow, Saul ",Narrativa,
Desconciertos ,"Eisner Sagués, Federico ",Narrativa,
El insomnio de Bolívar,"Volpi, Jorge ",Ensayo,
Música marciana,"Bisama, Álvaro ",Narrativa,
El sendero del irivenir,"Forsyth Tessey, Paul ",Poesía,
Música para tarántulas,"Lino, Diego ",Poesía,
El funambulista,"Genet, Jean ",Narrativa,
"Obras selectas: Diccionario filosófico, novelas, cartas filosóficas",Voltaire,Filosofía,
"Raices de sentido: Sobre egipcios, griegos, judíos y cristianos","Echeverría, Rafael ",Ensayo (filosofía),
El espíritu de las leyes,"Cerda, Carlos ",Novela,
Todas las verdades se tocan: Discurso pronunciado en la instalación de la Universidad de Chile el día 17 de septiembre de 1843,"Bello, Andrés ",Ensayo,
Usted está muy mal,"Davidson, Neil ",Ensayo,
Los inesperados: Crónicas,"Vejar, Francisco ",Ensayo,
La basura de Grecia,"Ramone, K. ",Narrativa,
Selección nacional: Muestra de poesía chilena deportiva,"Urzúa de la Sota, Andrés",Poesía,
Una chica en invierno,"Larkin, Philip",Narrativa,*
Todo puede ser,"Undurraga, Vicente ",Ensayo,
Antologia imaginaria,Chinoy,Poesía,
Parche curita. Teatro para la convivencia,"Rojas Escalona, René",Teatro,
Mientras el aire es nuestro,"Guillén, Jorge ",Poesía,
La región más transparente ,"Fuentes, Carlos",Narrativa,
Disecado,"Bellatin, Mario",Narrativa,
La destrucción o el amor,"Aleixandre, Vicente",Poesía,
Las puertas del infierno,"Díaz-Granados, José Luis ",Narrativa,
A las puertas del infierno: El viaje de un soldado de la guerra a la paz,"Anshin Thomas, Claude",Ensayo,
Cómo se formó la garganta de la ballena y otros cuentos,"Kipling, Rudyard",Narrativa,
Matemáticos que cambiaron al mundo: Vidas de genios del número y la forma que fueron famosos y dejaron huella en la historia,"Jiménez, Douglas ",Ensayo,
Campo santo,"Sebald, W.G ",Narrativa,
El disco de Newton,"Simonetti, Marcelo ",Narrativa,
Perro muerto,"Quercia, Boris ",Narrativa,
El abanico de madame Czechowska,"Simonetti, Marcelo ",Narrativa,*
La guerra de los duraznos,"Ampuero, Roberto ",Narrativa,
Marinero en tierra; La amante; El alba del alhelí,"Albertí, Rafael ",Poesía,
Campos de Castilla,"Machado, Antonio",Poesía,
Angelus de mediodía,"Navarro, Eliana ",Poesía,
Poesía chilena en el siglo XX,"Alegría, Fernando ",Ensayo,
Sin remedio,"Caballero, Antonio ",Narrativa,
M,"Schierloh, Eric",Narrativa,
El nombre de la rosa,"Eco, Humberto ",Narrativa,
El ultimo día de terranova,"Rivas, Manuel",Narrativa,
El marido de mi madrastra,"Venturini, Aurora ",Narrativa,
Crónicas del chakal,"Torres Meza, Andrés ",Poesía,
Odisea,Homero,Narrativa,
Recuerdos que mienten un poco,"Solari, Indio ",Narrativa (biografía),
Diarios,"Pizarnik, Alejandra",Narrativa (diarios),
El sermón de la montaña (1970),"Zurita, Raúl",Poesía,
"Rock, paria y lo que en él se dice ","Mallea, Francisco",Poesía,
Jardines imaginarios,"Bustos, David",Poesía,
No rayes: Graffiti de baños en Santiago,"Arancibia, Nicolás",Arte,
Adiós,"Bertoni, Claudio",Poesía,
Grafitto: Graffiti Sudamericano= Southamerican Graffiti,"Lomboy Castillo, Pedro; Alfaro Vega, Braulio",Arte,
Los enamoramientos ,"Marías, Javier ",Narrativa,
El activismo internacional mapuche: Un arma poderosa contra las violaciones de sus derechos humanos,"Habersang, Anja; Ydígoras, Pamela",Ensayo,
Tres inmensas novelas,"Huidobro, Vicente; Arp, Hans",Novela,
Lyrics,"Coddou, Sergio",Poesía,
Oda,"Casas, Fabián ",Poesía,
"Santiago Quiñones, tira","Quercia, Boris",Narrativa,
Para matar este tiempo,"Riedemann, Guillermo ",Poesía,
Elegía para un americano,"Hustvedt, Siri ",Narrativa,
Cuentos completos,"Capote, Truman ",Narrativa,
Un mundo para Julius,"Bryce Echenique, Alfredo",Narrativa,
El imperio,"Kapuscinksy, Ryszard ",Narrativa,
El lector ,"Schlink, Bernhard ",Narrativa,
Ciudad Bárbara,"Martinez Trabucco, Rolando ",Poesía ,
Mapa de guerra,"Serrano, Eduardo ",Poesía,
El doble veredicto de la piedra,"Pellegrini, Marcelo ",Poesía,
Herida de mi herida,"López Degragori, Carlos ",Poesía,
Jauría,"González Celis, Alejandra Sofía ",Poesía,
Paisajes (No habrá muerte. Aquí terminará el cuento,"Araya Lira, Macarena",Narrativa,
Agosto,"Paula, Romina ",Narrativa,
Todos los relatos ,"Svevo, Italo ",Narrativa,
Mi Nietzsche: La filosofía del devenir y el emprendimiento,"Echeverría, Rafael ",Filosofia,
Felices escrituras,"Cruz, Cristián",Poesía,
Hamburgo en las barricadas: y otros escritos sobre la Alemania de Weimar,"Reisner, Larisa ",Ensayo (Historia),
Kafka en primera persona: Diarios de vida,"Kafka, Franz ",Narrativa,*
Padecimiento psíquico y argumentación,"Díaz Alegría, Natalia ",Ensayo (Psicología),
De la realidad a la literatura,"Pitol, Sergio",Ensayo (literatura),
Aniversario y otros poemas,"Rivas, Matías ",Poesía,
Ferrantes ,"Fernández Chadwick, Patricio",Narrativa,
Lengua de señas,AYLabc,Poesía,
F.A. Hayek: Dos ensayos sobre economía y moral,"Mansuy, Daniel; Petterson, Matías",Filosofía,
Placas de la poesía,"Transtromer, Tomás ",Poesía,
Cul de Sac,"González Barnert, Ernesto ",Poesía,
Tres viajes,"Mouat, Francisco ",Narrativa,
El comienzo de la primavera,"Pron, Patricio ",Narrativa,
Extrañando a Kissinger,"Kerert, Etgar ",Narrativa,
"¿Y ahora qué? Disgresiones sobre derecho, poder y nueva Constitución","Squella, Agustín ",Ensayo,
Las secretas costumbres ,"Torres, Antonia ",Poesía,
Apache,"Gil, Antonio ",Narrativa,
Cardador,"Rojas, Natalia ",Poesía,
La liberación de las ranas,"Cabezudo Tovar, Eduardo ",Poesía,
Cartas a Dios desde un prostíbulo,"Elordi, Santiago ",Narrativa,
Encomienda,"Costa,Lucas ",Poesía,
Bouvard y Pécuchet,"Flaubert, Gustave ",Narrativa,*
Derechos de propiedad,"Podestá, Juan José ",Poesía,
Poetas chilenos contemporáneos,"Contreras, Gonzalo",Poesía,
Noches en la ciudad ,"Ramón, Emilio ",Narrativa,
Nueva narrativa nueva,"Torres Quezada, Rodrigo",Narrativa,
El otoño de las ansias ,"Rozas, Alejandro",Narrativa,
Labios ardientes,"Ramón, Emilio ",Novela,
Fieras,"Jofré, David ",Narrativa,
Y después amputar,"Cuchacovich, Jonathan",Narrativa,
El cristo gitano,"Cruz Valdivieso, Nicolás",Narrativa,
Las obras infames de Pancho Marambio,"Bryce Echenique, Alfredo",Narrativa,
Cuentos del Pácifico Sur,"Soria Galvarro, Yuri",Narrativa,
Algo más que esto,"Fuentes, Roberto ",Narrativa,
Romance del duende que me escribe las novelas,"Rivera Letelier, Hernán",Narrativa,
El nacimiento de una pasión continental: Historia de todos los clubes que jugaron la libertadores,"Fabbri, Alejandro",Ensayo (Historia),
El reparto del olvido,"Colil, Juan Ignacio",Narrativa,
Sontag: Vida y obra,"Moser, Benjamín",Narrativa,
La risa invisible,"Valenzuela, Guillermo ",Narrativa,
Rayuela,"Cortázar, Julio ",Narrativa,
Contra la inocencia,"Gumucio, Rafael ",Narrativa,
El cielo protector ,"Bowles, Paul",Novela,V
Libertad bajo palabra,"Paz, Octavio",Poesía,
El viento ligero en Parma,"Vila-Matas, Enrique",Narrativa,*
La hermandad de la uva,"Fante, John ",Narrativa,
La hormiga argentina ,"Calvino, Italo",Narrativa,
Poesía y cultura poética en Chile. Aporte críticos. Volumen 2,"Rojas, Waldo ",Ensayo,V
Antología de la poesía Chilena I: generación de los 60,"Calderón, Teresa; Calderón, Lila; Harris, Thomas",Poesía,
Defensa del Marxismo. Edición de 1934,"Mariategui, José Carlos",Filosofía,V
"Mala lengua, un retrato de Pablo de Rokha","Bisama, Álvaro",Narrativa,*
Nietzsche: El superhombre y la voluntad del poder,"Llácer, Toni",Filosofía,V
La eneida,"Virgilio, Publio",Narrativa,V
Poesía reunida de Teresa Wilms Montt,"Wilms Montt, Teresa",Poesía,
Berta Isla,"Marías, Javier ",Narrativa,
Un escritor invisible ,"Giaconi, Claudio ",Narrativa,*
"Goodbye, Columbus","Roth, Piliph ",Narrativa,
De un mundo a otro,"Bioy Casares, Adolfo ",Narrativa,
La gran novela americana,"Roth, Philip ",Narrativa,
El viejo y la jovencita,"Svevo, Italo ",Narrativa,
La isla de los pinguinos,"France, Anatole ",Narrativa,
Dos hermanos. Tras la ruta de un lugar de la noche,"Fuguet, Alberto ",Narrativa (guión cinematográfico),
Aguafuertes porteñas,"Arlt, Roberto ",Narrativa,
El hombre Kiev,"Malamud, Bernard ",Narrativa,
El mal de Portnoy,"Roth, Philip ",Narrativa,
Esperando a los bárbaros,"Coetzee, J.M.",Narrativa,
Cielo negro,"Soto, Simón ",Narrativa,
Plaza Mayor,"Muñoz, Braulio ",Poesía,
La actividad forestal,"Falco, Federico ",Narrativa,
Meditaciones filosóficas en torno al poema,"Baumgarten, Alexander",Ensayo,
El manuscrito de Winchester,"Campaña, Claudia ",Ensayo,
Lacan y un situacionista: Intervención performática de su encuentro pifiado,"González, Rodrigo ",Ensayo (filosofía),
Plano americano,"Guerreiro, Leila ",Narrativa,
Deslizamientos: Crónica y Ensayos,"Bisama, Álvaro",Ensayo,
Loquibambia (sexo e insurgencia),"Moreno, María ",Ensayo,
Oficios campesinos del Valle del Aconcagua,"Moyano Altamirano, Cristian",Ensayo,
Diario de quedar embarazada,"Apablaza, Claudia ",Narrativa,
Orwell en España: Homenaje a Cataluña y otros escritos sobre la guerra civil española,"Orwell, George ",Ensayo,
Modernismo y fascismo: La sensación de comienzo bajo Musolinni y Hitler,"Griffin, Roger ",Historia,
Panaderos ,"Meneses, Nicolás",Narrativa,
El pánico político; el pueblo judío no sueña,"Lacoue-Labarthe, Philippe; Jean-Luc, Nancy",Filosofía,
Disputas sobre el sujeto: Consecuencias teóricas y políticas de un modelo de poder jurídico: Judith Buttler,"Lorey, Isabell ",Filosofía,
El legado de Europa,"Zweig, Stefan ",Ensayo,
"El camino de la memoria. De la represión a la justicia en Chile, 1973-2013","Peñaloza Palma, Carla ",Ensayo (Historia),
"Inquisiciones figurativas: Conversión, tortura y verdad en el Atlántico luso-hispano","Graff Zivin, Erin ",Ensayo (Historia),
Moise y el mundo de la razón,"Williams, Tennessee ",Narrativa,
"Chile decide, por una nueva constitución","Bassa Mercado, Jaime ",Ensayo,
Desde el exilio: La creación artística como testigo,"Rella, Franco",Narrativa,
"Inglaterra, Inglaterra","Barnes, Julian ",Narrativa,
Antología Poética,"Carreño, Juan",Poesia,
Quedeshím Quedeshóth,"Rojas, Gonzalo ",Poesía,V
Una sensación extraña,"Pamuk, Orhan ",Narrativa,
El Rey de la Habana,"Gutiérrez, Pedro Juan ",Narrativa,
Una historia sencilla ,"Guerreiro, Leila ",Narrativa,
Mr Gwyn,"Baricco, Alessandro ",Narrativa,
Villa triste,"Modiano, Patrick ",Narrativa,
La ciencia presunta de Marx,"Echeverría, Rafael ",Ensayo (filosofía),
Correr,"Echenoz, Jean ",Narrativa,*
Un trébol de cuatro hojas: Las juventudes comunistas de Chile en el siglo XX,"Álvarez, Rolando;  Loyola, Manuel",Ensayo (Historia),
Todavía cruzado,"Bley, Álvaro ",Narrativa,*
Según venga el juego,"Didion, Joan ",Narrativa,
VHS (unas memorias),"Fuguet, Alberto ",Narrativa,
La casa del dolor ajeno ,"Hebert, Julián ",Narrativa,
Missing,"Fuguet, Alberto ",Narrativa,
Había mucha neblina o humo o no se qué,"Rivera Garza, Cristina ",Narrativa,
Estocolmo o la conclusión del sistema de las cosas,"Havilio, Iosi",Narrativa,
Ayer no te vi en Babilonia,"Lobo Antúnez, Antonio ",Narrativa,
Nosotros caminamos en sueños,"Pron, Patricio ",Narrativa,V
El vientre de la ballena,"Cercas, Javier",Narrativa,
Fauna; desplazamientos,"Levrero, Mario ",Novela,V
El alma de Gardel,"Levrero, Mario ",Narrativa,
Canción de tumba ,"Herbert, Julián",Narrativa,
Polvo de huesos,"Muñoz, Rosabetty ",Poesía,
Un séptimo hombre,"Berger, John ",Ensayo,*
Poesía completa,"Borges, Jorge Luis ",Poesía,
Rayuela,"Cortázar, Julio",Narrativa,
La tragedia del lenguaje,"Parra, Marco Antonio de la ",Teatro,
La orquesta en Chile: Génesis y Evolución,"Guarda Carrasco, Ernesto; Izquierdo, José Manuel",Narrativa (Historia),
"Los que aman, odian","Ocampo, Silvina; Bioy Casares, Adolfo ",Narrativa,
La abadesa de Castro,Stendhal,Narrativa,
Memorias 1873-1968,"Guy, Alice",Narrativa,
Don Quijjote de la Mancha,"Cervantes, Miguel de ",Narrativa,
Voices: an anthology of poems and pictures,"Summerfield, Geoffrey",Poesía,
El mercader de Venecia y la tragedia de Macbeth,"Shakespeare, William ",Teatro,
Esta historia ya no está disponible,"Mairal, Pedro ",Novela,V
"Los dos Borges, vidas sueños y enigmas","Teitelboim, Volodia ",Ensayo,
Nosotros los vencidos,"Buttazzoni, Fernando ",Novela,
Antología poética,"Benedetti, Mario ",Poesía,
El daño,"Maturana, Andrea",Narrativa,
Evocaciones,"Rivano, Juan",Filosofia,
Novela,"Bertoni, Claudio ",Poesía,
Poetica del café: Un espacio de la modernidad literaria europea,"Martí Monteverde, Antoni ",Ensayo,V
Del inconveniente de haber nacido,"Cioran, Emile ",Filosofia,
HD,"Petrel, Óscar ",Poesía,
El arte de insultar,"Schopenhauer, Arthur ",Filosofia,
Discusión,"Borges, Jorge Luis ",Ensayo,
Valparaíso: Rutas patrimoniales y personajes históricos,"Vildósila Basualto, Luis",Historia,
El museo de cera,"Edwards, Jorge ",Novela,
La rata en llamas,"Higgins, George V. ",Novela,
Apología de Erasmo ,"Ridao, José María",Ensayo,
Santiago en el ojo,"González, Valentina (y otros 15)",Narrativa,
Recado confidencial a los Chilenos,"Chihuailaf, Elicura ",Ensayo,
Educar es gobernar: Orígenesm fulgor y fines del triestamentalismo. Un ensayo clip,"Orellana, Miguel ",Ensayo,
Criptopunks: La libertad y el futuro de internet,"Assange, Julian ",Ensayo,
Anteayer,"Romero, Juan Cristóbal ",Narrativa,
Corte,"Reyes, Felipe",Narrativa,
La transmigración de los cuerpos,"Herrera, Yuri",Narrativa,
Teoría de la militancia: Organización y poder popular,"Selci, Damián",Ensayo,
Entrecielo y Entrelínea,"Zondek, Verónica ",Poesía,
Ensayos de George Orwell,"Orwell, George ",Ensayo,
Primavera Salvaje: Relatos íntimos de Naty Lane,"Lane, Naty ",Narrativa,
Avenida nacional,"Rudiš, Jaroslav ",Narrativa,
Un mundo raro,"Ferrada, María José Ferrada",Poesía,
Retrato en movimiento,"Preiss, David",Poesía,V
El viento que arrasa,"Almada, Selva",Narrativa,
"Heliópolis, visión retrospectiva de una ciudad",Ernst Junger,Narrativa,
El rey blanco,"Dragomán, György",Narrativa,
"El porvenir de Hegel: plasticidad, temporalidad; dialéctica","Malabou, Catherine",Filosofía,
Los vagabundos,"Gorki, Máximo ",Narrativa,
"Erótica como ética, manifiesto sobre el placer como deber ","Jaramillo, Víctor Raúl ",Ensayo ,
"La soltura del cuerpo, indiferencias de la diferencia en Catherin Malabou","Durán Rojas, Cristobal",Ensayo ,
Migratorio,"Moncada Mijic, Felipe",Poesía,
Tren nocturno ,"Amis, Martin",Novela ,
Obra selecta de Cyril Connolly ,"Connolly, Cyril",Ensayo ,
DeCámeron (selected poems) ,"Cameron, Juan",Poesía,
Diagonales,"Pérez, Maori",Novela,
Movimiento falso,"Missana, Sergio",Novela,
Matar a los viejos,"Droguett, Carlos",Novela,
Gran ensayo sobre Baudelaire: Una novela histórica,"Polleri, Galo ",Narrativa,
El caso Voynich,"Guebel, Daniel ",Narrativa,
Matar al mandinga,"Ghigliotto, Galo ",Narrativa,
Ruinas de lo sensible ,"Vera, Adolfo",Ensayo,
Lacrimógena,"Polanco Salinas, Jorge",Poesía,
Manipulados: Un gánster económico revela por qué la economía mundial se ha venido abajo y qué hacer para rehacerla,"Perkins, John ",Ensayo ,
Las lenguas del Paraíso,"Olender, Maurice",Filosofía ,
Una magia modesta,"Bioy Casares, Adolfo ",Novela,
La ciudad de dios,"Doctorow, E.L ",Novela,
Sale el espectro,"Roth, Philip ",Novela ,
Matadero Franklin,"Soto, Simón ",Novela,
Seguires: Poesía reunida (1972-2016),"Bersky, A.",Poesía,
En el punto de mira,"Miller, Arthur",Narrativa,
Utz ,"Chatwin, Bruce ",Narrativa,
Farabeuf,"Elizondo, Salvador ",Narrativa,
Dorada locura,"Peña Muñoz, Manuel ",Narrativa,
La metamorfósis ,"Kafka, Franz ",Narrativa,
Hacer la noche: Dormir y despertar en un mundo que se pierde,"Michelson, Constanza ",Ensayo ,*
Ensayos Bonsai,"Casas, Fabián",Novela,
"Desvíos, recorrido crítico por la narrativa latinoamericana","Echevarría, Ignacio",Ensayo,
Andamios,"Benedetti, Mario ",Novela,V
Las casas y cosas de Pablo Neruda,"Vial, Aleka",Arte,
Dejemos hablar al viento,"Onetti, Juan Carlos",Novela,
Mi vida ,"Hejinian, Lyn ",Novela,V
Ofertorio,"Santiváñez, Roger",Poesía,
La cultura en el mundo de la modernidad líquida,"Bauman, Zygmunt ",Filosofía,
Por qué el Mindfulness es mejor que el chocolate,"Michie, David",Ensayo (Psicología),
Metales pesados,"González, Yanko",Poesía,V
Ay mamá Inés (Crónica Testimonial),"Guzmán, Jorge ",Novela,
La hermandad Halloween ,"Fritz, Ignacio ",Narrativa,
Pandemia,"Žižek, Slavoj",Filosofía,
Nostalgia de la tierra,"Teillier, Jorge ",Poesía ,
El hijo del César,"Williams, John",Novela,
El oficio de vivir 1935-1950,"Pavese, Cesare",Narrativa (diarios),
Las cabezas,"Pons, Rafa",Poesía,
Silabario; Picando piedras (notas de lectura),"León, Gonzalo; Fernández Paupy, Javier",Narrativa,
Sabina sol y sombra,"Valdeón, Julio",Biografía,V
Tantas veces Pedro,"Bryce Echenique, Alfredo",Novela,
Bajo el volcán,"Lowry, Malcom",Novela,
No pasó nada,"Skármeta, Antonio",Novela,
Reflejo en tus ojos dorados,"McCullers, Carson",Novela,
No le debo nada a Bolaño y otros delirios,"Cruz Valdivieso, Nicolás",Novela,
El porqué de las cosas,"Monzó, Quim",Novela,
Cielo de mala muerte,"Avaria, Antonio",Novela,
Trilogía karaoke,"Farah, César",Novela,
Cornelia frente al espejo,"Ocampo, Silvina",Cuento,
Volver la vista atrás,"Vásquez, Juan Gabriel",Novela,
La era del vacío,"Lipovetsky, Gilles",Ensayo (filosofía),V
La hediondez,"Mellado, Marcelo",Novela,
Corona y coronilla,"Valéry, Paul",Poesía,*
Aire y final,"Morán, José",Poesía,
Misal develado,"Pino Rubio, Sebastián del",Poesía,V
La enredadera mano,"Biotti, Gastón",Poesía,
Monástico,"Pino Rubio, Sebastián del",Poesía,
Lumbral,"Guajardo, Antonio",Poesía,
Diccionario lingüístico del habla de Valparaíso,"Lagos Altamirano, Daniel",Ensayo,
La confesión de un granuja,"Esenin, Serguéi",Poesía,
"Al-Hallaj, poemas místicos",Al-Hallaj,Poesía,
El principito,"Saint-Exupéry, Antoine de",Novela,
Yo no soy quien (oneliners),"Jofré, Manuel",Poesía,
Drácula ,"Stoker, Bram",Novela,
El obseno pájaro de la noche,"Donoso, José",Novela,*
El poema es una cosa que circula,"Díaz Choza, Mateo",Ensayo,
Hijo de ladrón,"Rojas, Manuel",Novela,
Días de campo,"Gana, Federico",Novela,
Bitácora del otro mar,"Vicuña, Pedro Ignacio",Poesía,
Historias de fantasmas,"Hahn, Óscar ",Poesía,V
Tarde o temprano,"Hardy, Thomas",Poesía,
Cuaderno de la doble vida,"Lastra, Pedro",Poesía,*
Inti,Inti,Ilustraciones,
¿Qué hay detrás de las ventana?: Letra/Imagen/Música/Arte x Roberto Bolaño,"Acero, Nibaldo; Carvacho, Alfaro, editores",Ensayo,
Poemas radioactivos,"Hahn, Oscar; Cánovas, Gabriela",Poesía,
El mito del teniente Bello: Rescate de los inicios de la aviación en Chile,"Godoy, Ivan; Rosenmann, Yanko",Ensayo,
Chile mira a sus poetas,"Miranda Herrera, Paula; Luz Fuentes-Vásquez, Carme",Ensayo,
Libro de versos de Alvaro de Campos ,"Pessoa, Fernando ",Poesía,
Fragmento de Chile,"Karmy Bolton, Rodrigo",Ensayo,
Discurso sobre el origen de la desigualdad entre los hombres,"Rousseau, Jean-Jacques",Filosofía,
Potencias de la invención,"Lazzarato, Maurizio",Filosofía ,
¿Por qué necesitamos una nueva constitución?,"Heiss, Claudia",Ensayo,
Escritos sobre aprendizaje: recopilación,Rafael Echeverría ,Ensayo,
Igualdad,"Callinicos, Alex ",Ensayo,
Violencia: pensar sin barandillas,"Bernstein, Richard J. ",Filosofía,
El miedo a los subordinados: Una teoría de la autoridad,"Araujo, Kathya ",Ensayo,
"Contra el expolio de nuestras vidas: Una defensa del derecho a la soberanía energética, a la vivienda y a los bienes comunes","Marx, Karl; Bensaïd, Daniel",Filosofía,
Lecciones sobre la voluntad del saber,"Foucault, Michel ",Filosofía,
Constitución de la república: desafíos y propuestas,"Atria Lemaitre, Fernando; Bassa Mercado, Jaime; Zapata, Larraín, Patricio",Ensayo,
La cocina de Marx: el sujeto y su producción,"Mezzadra, Sandro ",Filosofía,
Marxismo y política: La dualidad de poderes y otros ensayos,"Coutinho, Carlos Nelson ",Filosofía,
Perdonar lo imperdonable y lo imprescriptible,"Derrida, Jacques",Filosofía,
La comuna de París,"Marx, Karl; Engels, Friedrich; Lenin, Vladimir",Filosofía,
"La querella de la educación pública, el debate Domeyko-Varas","Rodríguez Freire, Raúl",Ensayo,
Gobierno y desacuerdo,"Ranciére, Jacques (y otros 10)",Ensayo,
Tu constitución,Fundación Democracia y Desarrollo,Ensayo,
"Herramientas constituyentes para elaborar una nueva constitución en democracia. Libro I: Conceptos, principios e instituciones","Facuse V., Nicolás; Quezada R., Flavio",Ensayo,
El constitucionalismo del miedo,"Cristi, Renato; Ruiz-Tagle, Pablo",Filosofía,
El imperio de la justicia,"Dworkin, Ronald",Filosofía,
Todo está iluminado,"Safran Foer, Jonathan",Novela,
Las pequeñas virturdes,"Ginzburg, Natalia",Ensayo,V
El ABC del neoliberalismo 3,"Ayllach, Hiam; Guerrero, Claudio, Herrera Pardo, Hugo, editores",Ensayo(Historia),
Sobre nosotros callaremos,"Winter, Enrique",Novela,
Última función,"Nazarala, Andrés",Novela,
La filosofía de la Generación Beat y otros escritos,"Kerouac, Jack",Ensayo,
El aumento seguido de: El arte de abordar a su jefe de servicio para pedirle un aumento,"Perec, George",Novela,V
Señor del vértigo,"Preiss, David",Poesía,
Maniobras de evasión,"Mairal, Pedro",Ensayo,
"Salvo mi corazón, todo está bien","Abad Faciolince, Héctor",Novela,
Los cafés literarios en Chile,"Peña Muñoz, Manuel ",Ensayo,V
Orgullo y prejuicio,"Austen, Jane",Novela,
Interrupciones I,"Gelman, Juan",Poesía,V
"Estruendo: La asociación ilícita terrorista en la legislación chilena a la luz del ""Caso Bombas"", y otros escritos sobre terrorismo y antiterrorismo","Cortés Morales, Julio",Ensayo,
Primeros relatos,"Chéjov, Antón",Cuento,V
La metamorfosis,"Kafka, Franz ",Novela,
Antología poética,"Jiménez, Juan Ramón",Poesía,V
La escuela católica,"Albinati, Edoardo",Novela,
Cuentos populares y folclóricos chilenos,"Laval Alvear, Ramón Arminio",Cuento,
Décimas del estallido: Crónica en verso de la rebelión chilena,"Stern, Nano",Poesía,V
La vida que pensamos: Cuentos de fútbol,"Sacheri, Eduardo",Cuento,V
Sonetos del destino,"Montecinos García, Alejandro",Poesía,
Poesía completa,"Vilariño, Idea",Poesía,
La música del desierto y otros poemas (1954),"Williams, William Carlos",Poesía,
Poesía reunida (1949-2015),"Vitale, Ida",Poesía,V
Oc,"Romero, Juan Cristóbal ",Poesía,
Las grandes corrientes de la literatura en el siglo XIX,"Brandes, Georg",Ensayo,
Al sur de la Alameda: Diario de una toma,"Larra, Lola; Reinamontes, VIcente",Novela,V
"Crónicas del aguante: Fútbol, violencia y política","Alabarces, Pablo",Ensayo,V
Un sendero nuevo a la cascada: Últimos poemas,"Carver, Raymond",Poesía,V
Bajo una luz marina,"Carver, Raymond",Poesía,V
Raza y paisaje,"Palés Matos, Luis",Poesía,
Del Río Claro al Ganges: Mudanzas y remenbranzas,"Silva Palacios, Óscar",Crónica,
Y se va la primera...Conversaciones sobre la cueca. Las cuecas de la Lira Popular,"Navarrete A., Micaela; Donoso F., Karen",Ensayo (Historia),V
Veinte mil leguas de viaje submarino,"Verne, Jules",Novela,
Mujeres navegantes y de orilla: Innovación y tradición alimentaria son sabor a mar,"Cárcamo, Susana; Gelcich, Crossley",Ensayo (Historia),V
Las puertas de la percepción / Cielo e infierno,"Huxley, Aldous",Novela,V
Rescate de la memoria fotográfica de Quebrada de Alvarado (1890-1973),"Moyano Altamirano, Cristian",Arte,
Cocina sana y feliz,"Achurra, Connie",Cocina,
Galeria Modigliani,"Samoiedo, Dino",Arte,
"La faena, arte y vida de la pesca artesanal en el litoral de Aysén","Arregui Berger, Cristián",Ensayo,
Los pintores de medio siglo en Chile,"Helfant, Ana",Arte,
Artesania tradicional de Chile,"Berg Salvo, Lorenzo",Arte,
Precursores de la pintura chilena,"Solanich S., Enrique",Arte,
"Pintura Chilena Contemporánea, segunda exposición itinerante norte","Helfant, Ana",Arte,
"Pintura Chilena Contemporánea, segunda exposición itinerante sur","Carvacho Herrera, Victor",Arte,
Amereida,Escuela de Arquitectura y Diseño PUCV,Poesía,
"La hora digna, antología poética","Cruchaga Santamaría, Ángel",Poesía,
Romances populares y vulgares recogidos de la tradición oral chilena,"Vicuña Cifuentes, Julio",Poesía,
Deep freeze,"Kay, Ronald",Poesía,
"50 golpes, Muestra poética a los cincuenta años del golpe de Estado","Fuentes, Dounkan (y otros 49)",Poesía,
Desplazamientos de la memoria y otros poemas,"Morales, Emilio",Poesía,
Memorándum chileno,"Arenas, Braulio",Poesía,
Utopía,"Moro, Tomás",Ensayo,
Surameris y el cofre de los secretos,"Castro Moreno, Fresia",,
Edipo rey y Antígona,Sófocles,Teatro,
Confianza en uno mismo y otros ensayos,"Emerson, Ralph Waldo ",Ensayo,
"Yo, Rubén Darío","Gibson, Ian",Novela,
Semillas y cantares,"Pérez, María del Carmen",Historia,
"Fernando Durán, poesía y ensayos","Durán, Fernando",Poesía,
El angel azul,"Mann, Heinrich",Novela,
Autores de la Región de O'Higgins,"Agoni, Luis (y otros 18)",Poesía,
Literatura Iberoamericana,"Saz, Agustín del",Ensayo,
Manual para el análisis fonético acústico,"Montes de Oca, Domingo Román",Ciencia,
Nada de nada,"Meyer Monsalve, Paulo Andrés",Poesía,
Los surcos inundados,"Taub Rosenmann, David",Poesía,
Todo Ubú,"Jarry, Alfred",Teatro,
San Juan de la Cruz Poesías completas,"Cruz, San Juan de la",Poesía,
"Nietzsche, Freud, Marx","Foucault, Michel",Filosofía,
Tipografía en uso,Escuela de diseño UTEM,Arte,
Traductores y traducciones en la historia cultural de Amércia Latina,"Pagni, Andrea; Payas, Gertrudis; Willson, Patricia",Ensayo,
Tango para principiantes,"Salas, Horacio",Ensayo,
Un mundo raro,"Serrano, Marcela",Novela,
"San Manuel Bueno, martir y nada menos que todo un hombre","Unamuno, Manuel",Novela,
En el chileno el humor vive con uno: El lenguaje festivo y el sentido del humor en la cultura oral popular de Chile,"Salinas Campos, Maximiliano",Ensayo,
La máquina del tiempo,"Wells, H.G.",Novela,
Historias cortas,"Fonseca, Rubem",Cuento,
La novela murió,"Fonseca, Rubem",Cuento,
Blanca montaña: Arquitectura reciente en Chile,"Muñoz, María José",ARTE,
"Diario de un escritor:Crónicas, artículos, crítica y apuntes","Dostoievski, Fiódor M.",Diarios,
Pepi la fea,"Wallace, Josefa",Novela,
Pepi la fea 2,"Wallace, Josefa",Novela,
Pepi la fea 3,"Wallace, Josefa",Novela,
Chilenas en armas: Testimonios e historia de mujeres militares y guerrilleras subversivas,"Zalaquett, Cherie",Historia,
Cuentos bizarros,"Paiva, Soledad",Cuento,
"RATI: Agente de la oficina, la Pacificación en Democracia (Investigación)","Tótoro Taulis, Dauno; Rebolledo Escobar, Javier",Ensayo (Historia),
Albatross,"Paiva, Soledad",Cuento,
Sin armas ni reconres: El robo al banco Río contado por sus autores,"Palacios, Rodolfo",Ensayo,
El nacimiento de una pasión: Historia de los clubes de fútbol,"Fabbri, Alejandro",Ensayo (Historia),
Hinchadas,"Alabarces, Pablo [y otros 9]",Ensayo,
"Si no aprendemos a luchar juntos, nos matarán por separado: Mi vivenvia en la Vanguardia Organizada del Pueblo (VOP)","Vallebona, Carlota ""Natacha""; Guerra, Felipe",Biografía, 
Retratos,"Capote, Truman",Ensayo,
Los tiempos,"Miranda Puentes, Joaquín",Poesía,
Lecturas de poesía chilena: De altazor a la Bandera de Chile,"Zaldívar, María Inés",Ensayo,
Gramática de la lengua española,"Pérez-Rioja, J.A.",Ensayo,
La pérgola,"González, Silvana",Poesía,
Conversación en la catedral. Volumen II,"Vargas Llosa, Mario",Novela,
Trenes: Una historia ilustrada,"Hamilton Ellis, C.",Historia,
Romeo y Julieta=Romeo and Juliet,"Shakespeare, William",Teatro,
Dios y dioses: Historia religiosa del hombre,"Bentué, Antonio",Historia,
La voz a ti debida,"Salinas, Pedro",Poesía,
Chilenos en la amazonía,"Sievers W., Hugo K.",Ensayo,
Los Simpson la historia familiar: Un homenaje a la familia favorita de la televisión,"Groening, M",Ensayo (literatura infantil),
¿Dónde está Wally? ¡A la caza del cuadro escondido!,"Handford, Martin",Literatura infantil,
Los secretos del infinito: 150 respuestas al enigma,"Lamúa, Antonio",Ensayo,
La llama doble: Amor y erotismo,"Paz, Octavio",Ensayo,
El anfitrión,"Dalmazzo, Alejandro",Novela,
Muerte y búsquedas de inmortalidad,"Bentué, Antonio",Ensayo,
Obras escogidas,"Lago, Tomás",Ensayo,
"Toponimia: Etimología de la geografía Mapuche, Huilliche y Chona de las regiones de Los Lagos y de Los Ríos","Kuschel Silva, Carlos Ignacio",Ensayo,
El perro vagabundo,"Pezoa Véliz, Carlos",Poesía,
Onirokitsch: Walter Benjamin y el surrealismo,"Ibarlucía, Ricardo",Filosofía,
Arauco domado ,"Vega, Lope de ",Teatro,
200 años de pintura chilena: Primera exposición itinerante,"Solanich S., Enrique",Arte,
Balance de Hemingway,"Bataille, George [y otros 9]",Ensayo,
Odisea,Homero,Novela,
Arte colonial en Chile,"González Echenique, Javier",,
Lira popular: Antología ,,Poesía,
Frente popular en Chile. Su configuración: 1935-1938,"Milos, Pedro",Historia,
La hojarasca,"García Márquez, Gabriel",Novela,
El que tiene sed,"Castillo, Abelardo",Novela,
Tierna es la noche,"Fitzgerald, Francis Scott",Novela,
Historias de la Historia. Tercera serie,"Fisas, Carlos",Historia,
Estudios y ensayos gongorinos,"Alonso, Damaso",Ensayo,
El plan infinito,"Allende, Isabel",Novela,
El lenguaje del campo: Historias y orígenes de las palabras relacionadas con la actividad agrícola,"Velis-Meza, Héctor",Ensayo,
Antología poética,"Diego, Gerardo",Poesía,
Ancia,"Otero, Blas de",Poesía,
Poesía chilena de hoy: De Parra a nuestros días,"Díaz, Erwin",Poesía,
Cazador recolector,"Méndez, Adán",Poesía,
"Braulio Arenas, realidad desalojada: Antología","Pfeiffer, Ernesto",Poesía,
En el corredor,"Velásquez, Jorge Óscar",Novela,
Qué es literatura,"Hombravella, Francisco J.",Ensayo,
Estructura social de Chile,"Godoy U., Hernán",Ciencias Sociales,
Breve historia de la literatura francesa,"Clouard, Henru",Ensayo (literatura),
Nueva historia de la literatura americana,"Sánchez, Luis Alberto",Historia (literatura),
Historia de la literatura española. Tomo III,"Valbuena Prat, Ángel",Historia (literatura),
Crónicas chillanejas,"Reyes, Marco Aurelio",Historia,
Variaciones: Ensayos sobre literatura y otras escrituras,"Olea, Raquel",Ensayo (literatura),
Dar la cara: El diseño de portadas en RIL editores,"Uribe Lamour, Marcelo",Arte,
Memorias incómodas de un mal viajero,"Hermosilla Gutiérrez, Matías",Poesía,
Sub-terra,"Lillo, Baldomero",Cuento,
Los mandarines (Historia del Bosque de los Letrados),"Jingzi, Wu",Novela,
Los orígenes de las lenguas neolatinas,"Tagliavini, Carlo",Ensayo,
Historia y evolución de la poesía rusa,"Wolkonsky, Olga de",Ensayo,
Panorama de la literatura del siglo XX,"Rousseaux, André",Ensayo,
Charly en el país de las alegorías: Un viaje por las letras de Charly García,"Favoretto, Mara",Ensayo (música),
Spinetta: Mito y mitología,"Favoretto, Mara",Ensayo (música),
La perfecta casada,"León, Luis de",Poesía,
El alcalde de Zalamea; La vida es sueño,"Calderón de la Barca, Pedro",Teatro,
Viajes,"Polo, Marco",Ensayo (Historia),
Aproximaciones al estructuralismo,"Thion, Serge [y otros 3]",Ensayo (Filosofía),
Historia de la literatura chilena,"Dussuel, Francisco",Ensayo (literatura),
Vida de Antonio Machado y Manuel,"Perez Ferrero, Miguel",Ensayo (biografía),
La teosofía: Introducción al conocimiento suprasensible del mundo y del destino del hombre,"Steiner, Rodolfo",Filosofía,
La princesa primavera,"Aira, César",Novela,
Asimetría,"Zagajewski, Adam",Poesía,
¡Vamos remoliendo mi alma!: La vida festiva popular en Santiago de Chile 1870-1910,"Salinas, Maximiliano (y otros 3)",Historia,
"Coquimbo, cuaderno de viaje","Vilo Barrera, Eduardo",Arte,
Poetas del dulce país de Chipre,"Castillo Didier, Miguel",Poesía,
El último Don,"Puzo, Mario",Novela,
El túnel,"Sábato, Ernesto",Novela,
Miguel de Unamuno Antología,"Unamuno, Miguel de",Novela,
Brindis de la lira popular,"Jiménez, Verónica",Poesía,
Cien años de soledad,"García Márquez, Gabriel",Novela,
Bombardeo de poemas Londres 2012,"Gallardo, Octavio (y otros)",Poesía,
Historia de la literatura Norteamericana,"Dauwen Zabel, Morton",Ensayo (literatura),
Obras completas de Andrés Bello,"Bello, Andrés",Ensayo (literatura),
"Hombres de palabras: Oradores, tribunos y predicadores","Vicuña, Manuel",Ensayo,
La Araucana,"Ercilla y Zúñiga, Alonso de",Poesía,V
Palabras griegas del Nuevo Testamento,"Barclay, William",,
Amor en alta mar,"Huneeus, Pablo",Novela,
Herodías,"Flaubert, Gustave",Cuento,
José Hierro: Antología poética 1936-1998,"Hierro, José",Poesía,
Unamuno,"Ciudad, Mario (y otros 7)",Ensayo (literatura),
El diablo en el cuerpo,"Radiguet, Raymond",Novela,
El barón rampante ,"Calvino, Italo",Novela,
Las manos de la justicia,"Emmerich, Fernando",Novela,
53 usos que usted puede darle a este libro,Escuela de diseño UTEM,Arte,
 H.P Lovecraft Cuentos II,"Lovecraft, H.P",Cuento,
"Quinto Horacio Flaco, Sátiras","Horacio Flaco, Quinto",Poesía,
Fuenteovejuna,"Vega, Lope de",Teatro,
El arte de la novela,"James, Henry",Ensayo (literatura),
Adiós a la familia,"Arenas, Braulio",Novela,
Jorge Luis Borges: Antología Poética 1923-1977,"Borges, Jorge Luis",Poesía,
Cuentos de la selva,"Quiroga, Horacio",Cuento,
"Los versos, los años","Belli de la Torre, Carlos",Poesía,
El humo y sus prodigios,"Quintero, Aramis",Poesía,
Suave es vivir solo,"Pessoa, Fernando",Poesía,
El tren llegó puntual,"Böll, Heinrich",Novela,
Sobre los ángeles; Yo era un tonto y lo que he visto me ha hecho dos tontos,"Alberti, Rafael",Poesía,
El naturalismo,"Zola, Émile",Ensayo (literatura),
Tan linda y tan solita: El libro del fin del patriarcado,"Araos, Josefa; García, June",Ensayo (sociología),
Decamerón,"Boccacio, Giovanni",Novela,
El ingenioso Don Quijote de la Mancha. Tomo I,"Cervantes, Miguel de",Novela,
Reventando lo existente. Reflexiones del combate minoritario,Conspiración de Células del Fuego,Ensayo,
"Afrodita: cuentos, recetas y otros afrodisíacos","Allende, Isabel",Cuentos,
Un mundo feliz,"Huxley, Aldous",Novela,
Almanaque,"Pinos, Jaime",Poesía,
Alto hospicio,"Zúñiga González, Nelson",Poesía,
Tizne,"Rivera L., Ismael",Poesía,
La desesperanza,"Donoso, José",Novela,
Madreselva,"Lombardi, Leonora",Poesía,
"En septiembre, los poetas","Neves, Eugenia",Novela,
Tiberio,Suetonio,Historia,
Historia y antología de la poesía Gauchesca,"Chávez, Fermín",Poesía,
Mito-Manías,"Chávez Carmona, Mario",Poesía,
Gomorra,"Saviano, Roberto",Periodismo,
"Memorias, presentes e imaginarios sobre la ciudad","González Pinto, Mauricio",Cuentos ,
Martín Fierro,"Hernández, José",Poesía,
Una gallega des-armada,"Martinez, Alicia Dolores",Ensayo,
"Cambiemos la aldea: Los Encuentros de Concepción 1958,1960,1962","Bradu, Fabienne",Ensayo (Literatura),
El Valparaíso de los escritores,"Castagneto, Piero",Ensayo (Literatura),
Caballo de Troya,"Benítez, Juan José",Periodismo,
"¡Viva la anarquía! Sociabilidad, Vida y Prácticas Culturales Anarquistas: Santiago y Valparaíso (1890-1927)","Lagos Mieres, Manuel Andrés",Historia,
Pappo: El hombre suburbano,"Marchi, Sergio",Biografía,V
Algún tiempo atrás: La vida de Gustavo Cerati,"Marchi, Sergio",Biografía,V
Prehistoria del anarquismo,"Cappelletti, Ángel",Historia,
Spinetta: Ruido de magia,"Marchi, Sergio",Biografía,V
Callejeros: En primera persona,"Cambra, Laura",Periodismo,V
Soy tu hombre: La vida de Leonard Cohen,"Simmons, Sylvie",Biografía,V 
Miguel Kast: Pasión de vivir,"Lavín, Joaquín",Biografía,V
El ABC del comunismo libertario,"Berkman, Alexander",Ensayo,V
Antología libertaria,"Reclus, Eliseo (y otros)",Ensayo,V
Frente amplio en el momento cero,"Mayol, Alberto; Cabrera, Andrés",Ensayo (política),V
La democracia disciplinaria,"Dávalos, Pablo",Ensayo (política),V
A partir de ahora el combate será libre,"Barret, Rafael",Periodismo,V
El barrabrava,"González, Fernando",Novela,V
Una década en movimiento: Luchas populares en América Latina en el amanecer del siglo XXI,"Rebón, Julián; Modonesi, Massimo",Ensayo (política),V
Boca: el más grande de acá a Japón,"Dana, Fabio",Ensayo,V
Breve historia del anarquismo,"Paniagua, Javier",Ensayo (historia),V
Papá Goriot,"Balzac, Honoré de",Novela,V
Antigua vida mía,"Serrano, Marcela",Novela,V
La inmortalidad,"Kundera, Milan",Novela,V
Letras insurgentes: Las calles y otros relatos en rojinegro,"Rodríguez Morales, Guillermo",Cuento,V
Nuestra única propuesta es el conflicto,Anarquistas,Ensayo ,V
Mi hermano Jaime,"Gúzman Errázuriz, Rosario",Biografía,V
Severino di Giovanni: La pasión anarquista,"Noble, Cristina",Biografía,V
Delito y cultura: Los códigos de la ilegalidad en la juventud marginal urbana,"Míguez, Daniel",Ensayo,V
Violencia en el fútbol: Investigaciones sociales y fracasos políticos,"Garriga Zucal, José",Ensayo,V
103: Más que un siglo azul y amarillo,"Estévez, Diego Ariel",Ensayo ,V
"De roteques, cuicos y otros modelitos","Ossa H., María Angelica; Clemente B., María del Pilar",Ensayo,V
Fuimos soldados: Historia secreta de la contraofensiva montonera,"Larraquy, Marcelo",Ensayo (Historia),V
Tras los muros: Cárceles. Una historia de locura y corrupción,"Beldi, Luis",Ensayo,V
Chile: Cien días en la historia del siglo XX,"Silva, Bárbara; Cabrera, Josefina",Ensayo (Historia),V
"El pibe: Negocios, intrigas y secretos de Mauricio Macri, el hombre que quiere ser presidente","Cerruti, Gabriela",Ensayo,V
La C.N.T en la Revolución Española: Tomo I,"Peirats, José",Ensayo (Historia),V
Gente mala,"Guarello, Juan Cristóbal",Novela,V
Cada vez te quiero más,"Zuviría, Facundo de",Arte ,V
La C.N.T en la Revolución Española: Tomo II,"Peirats, José",Ensayo (Historia),V
La C.N.T en la Revolución Española: Tomo III,"Peirats, José",Ensayo (Historia),V
Las voces bajas,"Rivas, Manuel",Novela,V
"Fútbol  limpio, negogios turbios","Veiga, Gustavo",Ensayo,V
"Ciudadanxs no: ""Desbordando al movimiento estudiantil""",Anónimo,Ensayo,V
La revolución industrial 1760-1830,"Ashton, Thomas Southcliffe",Ensayo (Historia),V
El malestar en la globalización,"Stiglitz, Joseph E.",Ensayo (economía),V
Punk Rock: Historia de 30 años de subversión,"Muniesa, Mariano",Ensayo (Historia),V
"En cualquier caso, ningún remordimiento","Cacucci, Pino",Novela,V
Historia del contrabando en la Argentina: De la aduana del Virreinato a la mafia de los contenedores,"Federico, Mauro; Ortega Zabala, Fernando",Historia,V
Ciudad Satélite,"Molina, Paola",Novela,V
La tortura es el miedo a las ideas de los otros,Comisión ética contra la tortura Chile,Ensayo (Informe),V
La boda del poeta,"Skármeta, Antonio",Novela,V
La daga y la dinamita: Los anarquistas y el nacimiento del terrorismo,"Avilés Farré, Juan",Ensayo (Historia),V
La cámpora: Historia secreta de los herederos de Néstor y Cristina Kirchner,"Marco, Laura di",Ensayo (periodismo),V
El negro palma: Retorno desde el punto de fuga,"García Álvarez, Tomás",Biografía,V
Calles de Buenos Aires: El significado de sus nombres,"Iusem, Miguel",Ensayo (Historia),V
Disposición final: La confesión de Videla sobre los desaparecidos,"Reato, Ceferino",Ensayo (Periodismo),V
ETA de principio a fin: Crónica documentada de un relato,"Azurmendi, José Félix",Ensayo (Historia),V
Cárceles de Mala Muerte: informe (anti) carcelario,"Castelnovo, Oscar [ y otros 12]",Ensayo,V
La red de la dominación,"Landstreicher, Wolfi",Ensayo (política),
En los zapatos de Valeria,"Benavant, Elísabet",Novela,
La canción punk de los 80 en Chile,"Lukinovic,Jonathan",Música,V
100: Historia de un siglo azul y amarillo,"Estévez, Diego Ariel",Ensayo (historia),
Los verdaderos mellizos de la Boca,"Valdés, Leandro",Ensayo (Periodismo),
La Bombonera libro de oro,"Videla, Gustavo",Ensayo (historia),
"Colección Museo Municipal de Bellas Artes de Valparaíso, Palacio Baburizza",Corporación Patrimonio Artístico,Arte,
Lo que fue presente (Diarios 1985-2006),"Abad Faciolince, Héctor",Novela,
El tunel,"Sabato, Ernesto",Novela,V
Memorias del calabozo,"Rosencof, Mauricio; Fernández Huidobro, Eleuterio",Ensayo,V
La lista de Bergoglio: Los salvados por Francisco durante la dictadura. Una historia no contada,"Scavo, Nello",Ensayo (historia),V
"El Mil, Puig Antich y los Gari","Tajuelo, Telefósforo",Ensayo (historia),V
Los Pinochet Boys: Chile (1984-1987),"Conejeros, Miguel",Arte,V
El perro civilizado,"Macchiavello C., Marco",Ensayo,V
"Corresponsales bajo dictadura: (Chile, 1973-1990)","Milesi, Orlando",Ensayo (periodismo),V
El amor es imposible: Ocho tesis filosóficas,"Sztajnszrajber, Darío",Ensayo (filosofía),V
La Ciudad de las Bestias,"Allende, Isabel",Novela,V
La virgen cabeza,"Cabezón Cámara, Gabriela",Novela,V
La hora final: La verdad sobre la captura de Abimael Guzmán,"Paredes, Carlos",Ensayo (periodismo),V
Dejen todo en mis manos,"Levrero, Mario",Novela,V
Diez,"Emar, Juan",Novela,V
El alma de las flores: Antología poética bilingüe,"Misuzu, Kaneko",Poesía,V
Los errantes,"Tokarczuk, Olga",Novela,V
Antologia (1973-2014),"Bertoni, Claudio",Poesía,V
Violeta,"Bertoni, Claudio",Poesía,V
Cartas a Lucilio: Epístolas Escogidas,Séneca,Ensayo (Filosofía),V
ETA 1958-2008: Medio siglo de historia,"Casanova, Iker",Ensayo (Historia),V
Como la no-violencia protege al Estado,"Gelderloos, Peter",Ensayo (sociología),V